1	omer	zacarias	omer.zacarias3@RustyRVs.com	9
2	sandee	faure	sandee.faure1@RustyRVs.com	0
3	katharine	bernd	katharine.bernd2@RustyRVs.com	3
4	reiko	rojos	reiko.rojos2@RustyRVs.com	2
5	catalina	amorello	catalina.amorello1@RustyRVs.com	2
6	ester	bable	ester.bable1@RustyRVs.com	9
7	cecelia	kinnare	cecelia.kinnare2@RustyRVs.com	0
8	kenton	menck	kenton.menck0@RustyRVs.com	8
9	jerold	phibbs	jerold.phibbs0@RustyRVs.com	7
10	elodia	credit	elodia.credit0@RustyRVs.com	8
11	trista	blonigan	trista.blonigan2@RustyRVs.com	9
12	clemmie	riveroll	clemmie.riveroll0@RustyRVs.com	6
13	ryann	garvey	ryann.garvey0@RustyRVs.com	4
14	marth	squeo	marth.squeo0@RustyRVs.com	2
15	oneida	burrill	oneida.burrill0@RustyRVs.com	7
16	ngoc	weisse	ngoc.weisse2@RustyRVs.com	6
17	larita	dechellis	larita.dechellis2@RustyRVs.com	5
18	eveline	wasiuta	eveline.wasiuta2@RustyRVs.com	3
19	lydia	ehrhardt	lydia.ehrhardt1@RustyRVs.com	9
20	brandi	prahm	brandi.prahm0@RustyRVs.com	5
21	arturo	halford	arturo.halford0@RustyRVs.com	4
22	giang	samele	giang.samele2@RustyRVs.com	3
23	nadene	garafalo	nadene.garafalo1@RustyRVs.com	6
24	werner	guzzo	werner.guzzo3@RustyRVs.com	2
25	elaina	seegobin	elaina.seegobin1@RustyRVs.com	1
26	riley	wildermuth	riley.wildermuth0@RustyRVs.com	2
27	robbie	veater	robbie.veater2@RustyRVs.com	7
28	nell	varkey	nell.varkey0@RustyRVs.com	10
29	steffanie	garroutte	steffanie.garroutte0@RustyRVs.com	1
30	kaitlin	venth	kaitlin.venth2@RustyRVs.com	8
31	dionne	dorne	dionne.dorne1@RustyRVs.com	8
32	zenaida	majid	zenaida.majid2@RustyRVs.com	5
33	genna	rozzi	genna.rozzi0@RustyRVs.com	3
34	casey	cera	casey.cera2@RustyRVs.com	0
35	vera	oddi	vera.oddi2@RustyRVs.com	9
36	hui	puffer	hui.puffer3@RustyRVs.com	1
37	dennis	lancey	dennis.lancey1@RustyRVs.com	4
38	frieda	schammel	frieda.schammel2@RustyRVs.com	0
39	rosia	yovanovich	rosia.yovanovich2@RustyRVs.com	4
40	maddie	hoblit	maddie.hoblit2@RustyRVs.com	3
41	tyrell	petet	tyrell.petet0@RustyRVs.com	5
42	lorri	dyche	lorri.dyche1@RustyRVs.com	7
43	velma	aasby	velma.aasby1@RustyRVs.com	8
44	matt	shilling	matt.shilling1@RustyRVs.com	3
45	rayna	clovis	rayna.clovis2@RustyRVs.com	1
46	mozella	cubine	mozella.cubine2@RustyRVs.com	1
47	josef	rimes	josef.rimes0@RustyRVs.com	2
48	ludivina	granizo	ludivina.granizo0@RustyRVs.com	2
49	marietta	mccleary	marietta.mccleary3@RustyRVs.com	9
50	arnetta	yokel	arnetta.yokel2@RustyRVs.com	8
51	roderick	stryjewski	roderick.stryjewski3@RustyRVs.com	0
52	noriko	salazak	noriko.salazak3@RustyRVs.com	2
53	colette	dench	colette.dench1@RustyRVs.com	10
54	shawna	clukies	shawna.clukies2@RustyRVs.com	1
55	billie	rostek	billie.rostek0@RustyRVs.com	8
56	mae	obarr	mae.obarr2@RustyRVs.com	1
57	shamika	arroyo	shamika.arroyo1@RustyRVs.com	7
58	kathern	alverson	kathern.alverson3@RustyRVs.com	10
59	eleanor	dullen	eleanor.dullen3@RustyRVs.com	5
60	sharie	ritchotte	sharie.ritchotte2@RustyRVs.com	10
61	anette	maldenado	anette.maldenado3@RustyRVs.com	6
62	jeanna	cascio	jeanna.cascio2@RustyRVs.com	9
63	daina	marchant	daina.marchant1@RustyRVs.com	8
64	alonzo	croy	alonzo.croy2@RustyRVs.com	7
65	felicia	koets	felicia.koets2@RustyRVs.com	3
66	shon	spire	shon.spire0@RustyRVs.com	9
67	tashina	molleda	tashina.molleda2@RustyRVs.com	1
68	anneliese	sorrells	anneliese.sorrells2@RustyRVs.com	1
69	corey	puerto	corey.puerto3@RustyRVs.com	1
70	vu	kettle	vu.kettle0@RustyRVs.com	9
71	alejandra	lawrentz	alejandra.lawrentz0@RustyRVs.com	8
72	hunter	budde	hunter.budde3@RustyRVs.com	0
73	nana	mayon	nana.mayon1@RustyRVs.com	5
74	kathaleen	wehrle	kathaleen.wehrle1@RustyRVs.com	4
75	soila	elsinger	soila.elsinger3@RustyRVs.com	1
76	eliza	werst	eliza.werst2@RustyRVs.com	5
77	coleman	freehoffer	coleman.freehoffer3@RustyRVs.com	10
78	danny	deitch	danny.deitch0@RustyRVs.com	4
79	lakeshia	ruthman	lakeshia.ruthman2@RustyRVs.com	1
80	argelia	meyn	argelia.meyn0@RustyRVs.com	6
81	benedict	lomonaco	benedict.lomonaco3@RustyRVs.com	5
82	virgie	whitehorn	virgie.whitehorn2@RustyRVs.com	5
83	katelynn	devilla	katelynn.devilla0@RustyRVs.com	0
84	beaulah	iacobellis	beaulah.iacobellis3@RustyRVs.com	9
85	miquel	venezia	miquel.venezia1@RustyRVs.com	2
86	peg	lebrecque	peg.lebrecque3@RustyRVs.com	6
87	kia	crain	kia.crain1@RustyRVs.com	1
88	petronila	rickerl	petronila.rickerl0@RustyRVs.com	8
89	arturo	blanford	arturo.blanford2@RustyRVs.com	6
90	teodoro	thurness	teodoro.thurness3@RustyRVs.com	7
91	chung	redmer	chung.redmer0@RustyRVs.com	6
92	vallie	bolich	vallie.bolich3@RustyRVs.com	4
93	kelsey	verplanck	kelsey.verplanck2@RustyRVs.com	5
94	dannielle	niewiadomski	dannielle.niewiadomski3@RustyRVs.com	9
95	lizzette	primrose	lizzette.primrose0@RustyRVs.com	4
96	ernie	hooper	ernie.hooper0@RustyRVs.com	9
97	gertrude	vizcarrondo	gertrude.vizcarrondo1@RustyRVs.com	8
98	edythe	boucaud	edythe.boucaud0@RustyRVs.com	7
99	dell	cisewski	dell.cisewski2@RustyRVs.com	9
100	staci	kronberger	staci.kronberger3@RustyRVs.com	2
101	daniel	quenzel	daniel.quenzel0@RustyRVs.com	1
102	annetta	niemi	annetta.niemi3@RustyRVs.com	8
103	chassidy	henricks	chassidy.henricks1@RustyRVs.com	5
104	francisco	crossmon	francisco.crossmon0@RustyRVs.com	5
105	darrin	raeder	darrin.raeder2@RustyRVs.com	3
106	guadalupe	hunnewell	guadalupe.hunnewell3@RustyRVs.com	4
107	don	behnke	don.behnke3@RustyRVs.com	1
108	rachel	karrenberg	rachel.karrenberg3@RustyRVs.com	8
109	dayna	sloss	dayna.sloss3@RustyRVs.com	2
110	socorro	hoberg	socorro.hoberg3@RustyRVs.com	3
111	hal	cray	hal.cray1@RustyRVs.com	1
112	deann	dearmore	deann.dearmore0@RustyRVs.com	8
113	eddy	mousser	eddy.mousser1@RustyRVs.com	1
114	elroy	begum	elroy.begum2@RustyRVs.com	7
115	sabina	pasvizaca	sabina.pasvizaca1@RustyRVs.com	6
116	man	bram	man.bram1@RustyRVs.com	10
117	venita	jenkinson	venita.jenkinson2@RustyRVs.com	4
118	annemarie	mazzarella	annemarie.mazzarella1@RustyRVs.com	7
119	tobi	mccuen	tobi.mccuen0@RustyRVs.com	10
120	chanda	blain	chanda.blain1@RustyRVs.com	7
121	lorrine	todesco	lorrine.todesco2@RustyRVs.com	2
122	octavio	kuramoto	octavio.kuramoto3@RustyRVs.com	5
123	adan	solesbee	adan.solesbee3@RustyRVs.com	5
124	hsiu	sabine	hsiu.sabine0@RustyRVs.com	4
125	akilah	devilla	akilah.devilla0@RustyRVs.com	0
126	shavon	grizzle	shavon.grizzle2@RustyRVs.com	9
